<?xml version="1.0" encoding="UTF-8"?>
<BlackBox xmlns:xsi="http://www.w3.org/2001/XMLSchema-instance" xmlns:xsd="http://www.w3.org/2001/XMLSchema">
  <Schema>BlackBox</Schema>
  <Class>Parameters</Class>
  <Version>1.00</Version>
  <Instance>
    <Name>default</Name>
    <Status>active</Status>
    <Description>BlackBox parameters</Description>
  </Instance>
  <Params count="33">
    <Param  name="FolderMode" value="local" />
    <Param  name="Name" value="default" />
    <Param  name="JobID" value="0" />
    <Param  name="FileID" value="0" />
    <Param  name="TaskFileName" value="default.job.xml" />
    <Param  name="TasksType" value="xml" />
    <Param  name="DataFileName" value="" />
    <Param  name="DataType" value="" />
    <Param  name="Mode" value="simple" />
    <Param  name="Action" value="catalog" />
    <Param  name="Qualifier" value="blackbox" />
    <Param  name="Repeat" value="False" />
    <Param  name="UseGUID" value="True" />
    <Param  name="Guid" value="93e33690-5286-4ddc-9572-dd22ca2a64cf" />
    <Param  name="ItemNum" value="0" />
    <Param  name="ReportID" value="0" />
    <Param  name="TableName" value="" />
    <Param  name="RunAs" value="False" />
    <Param  name="CredAccount" value="" />
    <Param  name="CredDomain" value="" />
    <Param  name="CredUser" value="" />
    <Param  name="CredPassword" value="" />
    <Param  name="DatabaseName" value="" />
    <Param  name="Days" value="7" />
    <Param  name="Months" value="3" />
    <Param  name="Zip" value="False" />
    <Param  name="ZipFileName" value="" />
    <Param  name="Clean" value="False" />
    <Param  name="WriteToDatabase" value="False" />
    <Param  name="WriteToCSV" value="False" />
    <Param  name="WriteToSchema" value="False" />
    <Param  name="Debug" value="True" />
    <Param  name="Verbose" value="False" />
    <Param  name="Simulate" value="False" />
    <Param  name="NoWindow" value="False" />
  </Params>
  <Help><![CDATA[
     BlackBox params
     ]]></Help>
</BlackBox>
