<?xml version="1.0" encoding="utf-8"?>
<BlackBox xmlns:xsi="http://www.w3.org/2001/XMLSchema-instance" xmlns:xsd="http://www.w3.org/2001/XMLSchema">
  <Schema>BlackBox</Schema>
  <Class>Job</Class>
  <Version>1.00</Version>
  <Instance>
    <Name>HealthCheck</Name>
    <Status>active</Status>
    <Description>HealthCheck tasks</Description>
  </Instance>
  <Parameters>
    <Parameter name="ProviderConnectionString" value="Data Source=localhost;Initial Catalog=FNMSCompliance;Integrated Security=True" />
    <Parameter name="BlackBoxConnectionString" value="Data Source=localhost;Initial Catalog=FNMSStaging;Integrated Security=True" />
    <Parameter name="FnmsConnectionString" value="Data Source=localhost;Initial Catalog=FNMSCompliance;Integrated Security=True" />
    <Parameter name="WorkingDir" value=".\\" />
    <Parameter name="LogFileName" value="BlackBox.log" />
    <Parameter name="TranscriptFileName" value="HealthCheck.log" />
    <Parameter name="ZipArchive" value="HealthCheck.zip" />
    <Parameter name="WriteTaskFiles" type="bool" value="true" />
    <Parameter name="WriteDataFiles" type="bool" value="true" />    
  </Parameters>
  <TaskList>
    <Task>
      <Num>1</Num>
      <IsEnabled>no</IsEnabled>
      <ID>100-01</ID>
      <Name>Check100</Name>
      <TaskType>script</TaskType>
      <Parameters>
        <Parameter name="DatabaseConnectionString" value="Data Source=localhost;Initial Catalog=FNMSStaging;Integrated Security=True" />        
        <Parameter name="ScriptFile" value="Check100.ps1" />
        <Parameter name="OutputFile" value="" />
        <Parameter name="DataFile" value="" />
      </Parameters>          
      <CommandLine />
      <Notes><![CDATA[Check installed versions of FNMS and export all FNMS registry settings]]></Notes>
      <Script><![CDATA[]]></Script>
    </Task>
    <Task>
      <Num>2</Num>
      <IsEnabled>no</IsEnabled>
      <ID>100-02</ID>
      <Name>Check100</Name>
      <TaskType>script</TaskType>
      <Parameters>
        <Parameter name="DatabaseConnectionString" value="Data Source=localhost;Initial Catalog=FNMSCompliance;Integrated Security=True" />       
        <Parameter name="ScriptFile" value="Check100.QuerySchemaVersion.sql" />
        <Parameter name="OutputFile" value="" />
        <Parameter name="DataFile" value="" />
        <Parameter name="Database" value="FNMSCompliance" />
        <Parameter name="API" value="ExecuteSQLQuerySingleValue" />
      </Parameters>          
      <CommandLine />
      <Notes><![CDATA[Query the FNMSCompliance schema version]]></Notes>
      <Script><![CDATA[]]></Script>
    </Task>
    <Task>
      <Num>3</Num>
      <IsEnabled>no</IsEnabled>
      <ID>101-01</ID>
      <Name>Check101</Name>
      <TaskType>script</TaskType>
      <Parameters>
        <Parameter name="DatabaseConnectionString" value="Data Source=localhost;Initial Catalog=FNMSCompliance;Integrated Security=True" />       
        <Parameter name="ScriptFile" value="Check101.Query.sql" />
        <Parameter name="OutputFile" value="Check101.LicenseCounts.csv" />
        <Parameter name="DataFile" value="" />
        <Parameter name="API" value="ExecuteSQLQueryDataTable" />
        <Parameter name="Dataset" value="FnmsLicenseCount" />
        <Parameter name="Database" value="FNMSCompliance" />        
        <Parameter name="OutputTo" value="csv,xlsx" />
      </Parameters>          
      <CommandLine />
      <Notes><![CDATA[Query the FNMS license counts]]></Notes>
      <Script><![CDATA[]]></Script>
    </Task>
    <Task>
      <Num>4</Num>
      <IsEnabled>no</IsEnabled>
      <ID>102-01</ID>
      <Name>Check102</Name>
      <TaskType>script</TaskType>
      <Parameters>
        <Parameter name="DatabaseConnectionString" value="Data Source=localhost;Initial Catalog=FNMSCompliance;Integrated Security=True" />       
        <Parameter name="ScriptFile" value="Check102.Query.sql" />
        <Parameter name="OutputFile" value="Check102.BeaconConnections.csv" />
        <Parameter name="DataFile" value="" />
        <Parameter name="API" value="ExecuteSQLQueryDataTable" />
        <Parameter name="Dataset" value="BeaconConnections" />
        <Parameter name="Database" value="FNMSCompliance" />        
        <Parameter name="OutputTo" value="csv,xlsx" />
      </Parameters>          
      <CommandLine />
      <Notes><![CDATA[Query the FNMS Beacon Connections]]></Notes>
      <Script><![CDATA[]]></Script>
    </Task>
    <Task>
      <Num>5</Num>
      <IsEnabled>no</IsEnabled>
      <ID>103-01</ID>
      <Name>Check103</Name>
      <TaskType>script</TaskType>
      <Parameters>
        <Parameter name="DatabaseConnectionString" value="Data Source=localhost;Initial Catalog=FNMSCompliance;Integrated Security=True" />       
        <Parameter name="ScriptFile" value="Check103.Query.sql" />
        <Parameter name="OutputFile" value="Check103.ComplianceConnections.csv" />
        <Parameter name="DataFile" value="" />
        <Parameter name="API" value="ExecuteSQLQueryDataTable" />
        <Parameter name="Dataset" value="ComplianceConnections" />
        <Parameter name="Database" value="FNMSCompliance" />        
        <Parameter name="OutputTo" value="csv,xlsx" />
      </Parameters>          
      <CommandLine />
      <Notes><![CDATA[Query the FNMS Compliance Connections]]></Notes>
      <Script><![CDATA[]]></Script>
    </Task>
    <Task>
      <Num>6</Num>
      <IsEnabled>no</IsEnabled>
      <ID>138-01</ID>
      <Name>Check138</Name>
      <TaskType>script</TaskType>
      <Parameters>
        <Parameter name="DatabaseConnectionString" value="Data Source=localhost;Initial Catalog=FNMSCompliance;Integrated Security=True" />       
        <Parameter name="ScriptFile" value="Check138.QueryTotalSizes.sql" />
        <Parameter name="OutputFile" value="" />
        <Parameter name="DataFile" value="" />
        <Parameter name="API" value="ExecuteSQLQueryDataTable" />
        <Parameter name="Dataset" value="TotalDbSizes" />
        <Parameter name="Database" value="FNMSCompliance" />        
        <Parameter name="OutputTo" value="csv,xlsx" />
      </Parameters>          
      <CommandLine />
      <Notes><![CDATA[Run the Total DB Size check against the FNMS databases]]></Notes>
      <Script><![CDATA[]]></Script>
    </Task>
    <Task>
      <Num>7</Num>
      <IsEnabled>no</IsEnabled>
      <ID>138-02</ID>
      <Name>Check138</Name>
      <TaskType>script</TaskType>
      <Parameters>
        <Parameter name="DatabaseConnectionString" value="Data Source=localhost;Initial Catalog=FNMSCompliance;Integrated Security=True" />       
        <Parameter name="ScriptFile" value="Check138.QueryFileSizes.sql" />
        <Parameter name="OutputFile" value="" />
        <Parameter name="DataFile" value="" />
        <Parameter name="API" value="ExecuteSQLQueryDataTable" />
        <Parameter name="Dataset" value="DbFileSizes" />
        <Parameter name="Database" value="FNMSCompliance" />        
        <Parameter name="OutputTo" value="csv,xlsx" />
      </Parameters>          
      <CommandLine />
      <Notes><![CDATA[Run the DB File Size check against the FNMS databases]]></Notes>
      <Script><![CDATA[]]></Script>
    </Task>
    <Task>
      <Num>8</Num>
      <IsEnabled>no</IsEnabled>
      <ID>138-03</ID>
      <Name>Check138</Name>
      <TaskType>script</TaskType>
      <Parameters>
        <Parameter name="DatabaseConnectionString" value="Data Source=localhost;Initial Catalog=FNMSCompliance;Integrated Security=True" />       
        <Parameter name="ScriptFile" value="Check138.QueryTableSizes.sql" />
        <Parameter name="OutputFile" value="" />
        <Parameter name="DataFile" value="" />
        <Parameter name="API" value="ExecuteSQLQueryDataTable" />
        <Parameter name="Dataset" value="DbTableSizes" />
        <Parameter name="Database" value="FNMSCompliance" />        
        <Parameter name="OutputTo" value="csv,xlsx" />
      </Parameters>          
      <CommandLine />
      <Notes><![CDATA[Run the DB Table Size check against the FNMS databases]]></Notes>
      <Script><![CDATA[]]></Script>
    </Task>
    <Task>
      <Num>9</Num>
      <IsEnabled>no</IsEnabled>
      <ID>138-04</ID>
      <Name>Check138</Name>
      <TaskType>script</TaskType>
      <Parameters>
        <Parameter name="DatabaseConnectionString" value="Data Source=localhost;Initial Catalog=FNMSCompliance;Integrated Security=True" />       
        <Parameter name="ScriptFile" value="Check138.QueryBackupSizes.sql" />
        <Parameter name="OutputFile" value="" />
        <Parameter name="DataFile" value="" />
        <Parameter name="API" value="ExecuteSQLQueryDataTable" />
        <Parameter name="Dataset" value="DbBackupSizes" />
        <Parameter name="Database" value="FNMSCompliance" />        
        <Parameter name="OutputTo" value="csv,xlsx" />
      </Parameters>          
      <CommandLine />
      <Notes><![CDATA[Run the DB Backup Size check against the FNMS databases]]></Notes>
      <Script><![CDATA[]]></Script>
    </Task>
    <Task>
      <Num>10</Num>
      <IsEnabled>no</IsEnabled>
      <ID>140-01</ID>
      <Name>Check140</Name>
      <TaskType>script</TaskType>
      <Parameters>
        <Parameter name="DatabaseConnectionString" value="Data Source=localhost;Initial Catalog=FNMSCompliance;Integrated Security=True" />       
        <Parameter name="ScriptFile" value="Check140.QueryFragmentation.sql" />
        <Parameter name="OutputFile" value="" />
        <Parameter name="DataFile" value="" />
        <Parameter name="API" value="ExecuteSQLQueryDataTable" />
        <Parameter name="Dataset" value="Fragmentation1" />
        <Parameter name="Database" value="FNMSCompliance" />        
        <Parameter name="OutputTo" value="csv,xlsx" />
      </Parameters>          
      <CommandLine />
      <Notes><![CDATA[Run the Fragmentation check against the FNMSCompliance database]]></Notes>
      <Script><![CDATA[]]></Script>
    </Task>
    <Task>
      <Num>11</Num>
      <IsEnabled>no</IsEnabled>
      <ID>140-02</ID>
      <Name>Check140</Name>
      <TaskType>script</TaskType>
      <Parameters>
        <Parameter name="DatabaseConnectionString" value="Data Source=localhost;Initial Catalog=FNMSInventory;Integrated Security=True" />        
        <Parameter name="ScriptFile" value="Check140.QueryFragmentation.sql" />
        <Parameter name="OutputFile" value="" />
        <Parameter name="DataFile" value="" />
        <Parameter name="API" value="ExecuteSQLQueryDataTable" />
        <Parameter name="Dataset" value="Fragmentation2" />
        <Parameter name="Database" value="FNMSInventory" />        
        <Parameter name="OutputTo" value="csv,xlsx" />
      </Parameters>          
      <CommandLine />
      <Notes><![CDATA[Run the Fragmentation check against the FNMSInventory database]]></Notes>
      <Script><![CDATA[]]></Script>
    </Task>
    <Task>
      <Num>12</Num>
      <IsEnabled>no</IsEnabled>
      <ID>142-01</ID>
      <Name>Check142</Name>
      <TaskType>script</TaskType>
      <Parameters>
        <Parameter name="DatabaseConnectionString" value="Data Source=localhost;Initial Catalog=FNMSStaging;Integrated Security=True" />        
        <Parameter name="ScriptFile" value="Check142.ps1" />
        <Parameter name="OutputFile" value="" />
        <Parameter name="DataFile" value="" />
      </Parameters>          
      <CommandLine />
      <Notes><![CDATA[Analyses IIS log files to return a list of users]]></Notes>
      <Script><![CDATA[]]></Script>
    </Task>
    <Task>
      <Num>13</Num>
      <IsEnabled>no</IsEnabled>
      <ID>601-01</ID>
      <Name>Check601</Name>
      <TaskType>script</TaskType>
      <Parameters>
        <Parameter name="DatabaseConnectionString" value="Data Source=localhost;Initial Catalog=FNMSCompliance;Integrated Security=True" />       
        <Parameter name="ScriptFile" value="Check601.QueryAssetProperties.sql" />
        <Parameter name="OutputFile" value="" />
        <Parameter name="DataFile" value="" />
        <Parameter name="Object" value="Assets" />        
        <Parameter name="API" value="ExecuteSQLQueryDataTable" />
        <Parameter name="Dataset" value="AssetProperties" />
        <Parameter name="Database" value="FNMSCompliance" />        
        <Parameter name="OutputTo" value="csv,xlsx" />
      </Parameters>          
      <CommandLine />
      <Notes><![CDATA[Query to find Asset custom properties]]></Notes>
      <Script><![CDATA[]]></Script>
    </Task>
    <Task>
      <Num>14</Num>
      <IsEnabled>no</IsEnabled>
      <ID>601-02</ID>
      <Name>Check601</Name>
      <TaskType>script</TaskType>
      <Parameters>
        <Parameter name="DatabaseConnectionString" value="Data Source=localhost;Initial Catalog=FNMSCompliance;Integrated Security=True" />       
        <Parameter name="ScriptFile" value="Check601.QueryPurchaseProperties.sql" />
        <Parameter name="OutputFile" value="" />
        <Parameter name="DataFile" value="" />
        <Parameter name="Object" value="PO Details" /> 
        <Parameter name="API" value="ExecuteSQLQueryDataTable" />
        <Parameter name="Dataset" value="PurchaseProperties" />
        <Parameter name="Database" value="FNMSCompliance" />        
        <Parameter name="OutputTo" value="csv,xlsx" />
      </Parameters>          
      <CommandLine />
      <Notes><![CDATA[Query to find Purchases custom properties]]></Notes>
      <Script><![CDATA[]]></Script>
    </Task>
    <Task>
      <Num>15</Num>
      <IsEnabled>no</IsEnabled>
      <ID>601-03</ID>
      <Name>Check601</Name>
      <TaskType>script</TaskType>
      <Parameters>
        <Parameter name="DatabaseConnectionString" value="Data Source=localhost;Initial Catalog=FNMSCompliance;Integrated Security=True" />       
        <Parameter name="ScriptFile" value="Check601.QueryLicenseProperties.sql" />
        <Parameter name="OutputFile" value="" />
        <Parameter name="DataFile" value="" />
        <Parameter name="Object" value="Software Licenses" /> 
        <Parameter name="API" value="ExecuteSQLQueryDataTable" />
        <Parameter name="Dataset" value="LicenseProperties" />
        <Parameter name="Database" value="FNMSCompliance" />        
        <Parameter name="OutputTo" value="csv,xlsx" />
      </Parameters>          
      <CommandLine />
      <Notes><![CDATA[Query to find Software License custom properties]]></Notes>
      <Script><![CDATA[]]></Script>
    </Task>
    <Task>
      <Num>16</Num>
      <IsEnabled>no</IsEnabled>
      <ID>601-04</ID>
      <Name>Check601</Name>
      <TaskType>script</TaskType>
      <Parameters>
        <Parameter name="DatabaseConnectionString" value="Data Source=localhost;Initial Catalog=FNMSCompliance;Integrated Security=True" />       
        <Parameter name="ScriptFile" value="Check601.QueryContractProperties.sql" />
        <Parameter name="OutputFile" value="" />
        <Parameter name="DataFile" value="" />
        <Parameter name="Object" value="Contracts" /> 
        <Parameter name="API" value="ExecuteSQLQueryDataTable" />
        <Parameter name="Dataset" value="ContactProperties" />
        <Parameter name="Database" value="FNMSCompliance" />        
        <Parameter name="OutputTo" value="csv,xlsx" />
      </Parameters>          
      <CommandLine />
      <Notes><![CDATA[Query to find Contract custom properties]]></Notes>
      <Script><![CDATA[]]></Script>
    </Task>
    <Task>
      <Num>17</Num>
      <IsEnabled>no</IsEnabled>
      <ID>601-05</ID>
      <Name>Check601</Name>
      <TaskType>script</TaskType>
      <Parameters>
        <Parameter name="DatabaseConnectionString" value="Data Source=localhost;Initial Catalog=FNMSCompliance;Integrated Security=True" />       
        <Parameter name="ScriptFile" value="Check601.QuerySoftwareProperties.sql" />
        <Parameter name="OutputFile" value="" />
        <Parameter name="DataFile" value="" />
        <Parameter name="Object" value="Software Titles" /> 
        <Parameter name="API" value="ExecuteSQLQueryDataTable" />
        <Parameter name="Dataset" value="SoftwareProperties" />
        <Parameter name="Database" value="FNMSCompliance" />        
        <Parameter name="OutputTo" value="csv,xlsx" />
      </Parameters>          
      <CommandLine />
      <Notes><![CDATA[Query to find Software Titles custom properties]]></Notes>
      <Script><![CDATA[]]></Script>
    </Task>
  </TaskList>
</BlackBox>