<?xml version="1.0" encoding="UTF-8"?>
<BlackBox xmlns:xsi="http://www.w3.org/2001/XMLSchema-instance" xmlns:xsd="http://www.w3.org/2001/XMLSchema">
  <Schema>BlackBox</Schema>
  <Class>Manifest</Class>
  <Version>1.00</Version>
  <Instance>
    <Name>healthcheck</Name>
    <Status>active</Status>
    <Description>BlackBox file catalog</Description>
  </Instance>
  <Parameters>
    <Parameter name="FolderMode" value="local" />
    <Parameter name="Name" value="healthcheck" />
    <Parameter name="JobID" value="0" />
    <Parameter name="FileID" value="0" />
    <Parameter name="TaskFileName" value="healthcheck.job.xml" />
    <Parameter name="TasksType" value="xml" />
    <Parameter name="DataFileName" value="" />
    <Parameter name="DataType" value="" />
    <Parameter name="Mode" value="simple" />
    <Parameter name="Action" value="catalog" />
    <Parameter name="Qualifier" value="healthcheck" />
    <Parameter name="Repeat" value="False" />
    <Parameter name="UseGUID" value="True" />
    <Parameter name="Guid" value="00000000-0000-0000-0000-000000000000" />
    <Parameter name="ItemNum" value="0" />
    <Parameter name="ReportID" value="0" />
    <Parameter name="TableName" value="" />
    <Parameter name="RunAs" value="False" />
    <Parameter name="CredAccount" value="" />
    <Parameter name="CredDomain" value="" />
    <Parameter name="CredUser" value="" />
    <Parameter name="CredPassword" value="" />
    <Parameter name="DatabaseName" value="" />
    <Parameter name="Days" value="7" />
    <Parameter name="Months" value="3" />
    <Parameter name="Zip" value="False" />
    <Parameter name="ZipFileName" value="" />
    <Parameter name="Clean" value="False" />
    <Parameter name="WriteToDatabase" value="False" />
    <Parameter name="WriteToCSV" value="False" />
    <Parameter name="WriteToSchema" value="False" />
    <Parameter name="Debug" value="True" />
    <Parameter name="Verbose" value="False" />
    <Parameter name="Simulate" value="False" />
    <Parameter name="NoWindow" value="False" />
  </Parameters>
  <SetupScript>setup.ps1</SetupScript>
  <FolderGroups>
    <FolderGroup Name="BlackBoxRootDir">
      <Root>D:\DevOps\Workspace\BlackBox.Worker\BlackBoxWorker\bin\DotNet7</Root>
      <Mapping>BlackBoxRootDir</Mapping>
      <Note></Note>
      <Folders>
        <Folder Name="" Status="0" FileCount="7">
          <FilePath>D:\DevOps\Workspace\BlackBox.Worker\BlackBoxWorker\bin\DotNet7</FilePath>
          <Files>
            <File Name="BlackBoxWorker.exe" Type="exe" Version="" Status="1" IsEnabled="yes" />
            <File Name="BlackBoxWorker.exe.config" Type="config" Version="" Status="1" IsEnabled="yes" />
            <File Name="BlackBoxWorker.log" Type="log" Version="" Status="1" IsEnabled="yes" />
            <File Name="default.log" Type="log" Version="" Status="1" IsEnabled="yes" />
            <File Name="default.params.xml" Type="xml" Version="" Status="1" IsEnabled="yes" />
            <File Name="readme.txt" Type="txt" Version="" Status="1" IsEnabled="yes" />
            <File Name="healthcheck.cmd" Type="cmd" Version="" Status="1" IsEnabled="yes" />
          </Files>
        </Folder>
        <Folder Name="Examples\HealthCheck" Status="0" FileCount="5">
          <FilePath>D:\DevOps\Workspace\BlackBox.Worker\BlackBoxWorker\bin\DotNet7\Examples\HealthCheck</FilePath>
          <Files>
            <File Name="build.cmd" Type="cmd" Version="" Status="1" IsEnabled="yes" />
            <File Name="HealthCheck.job.xml" Type="xml" Version="" Status="1" IsEnabled="yes" />
            <File Name="HealthCheck.SED" Type="SED" Version="" Status="1" IsEnabled="yes" />
            <File Name="list.cmd" Type="cmd" Version="" Status="1" IsEnabled="yes" />
            <File Name="runhealthcheck.cmd" Type="cmd" Version="" Status="1" IsEnabled="yes" />
          </Files>
        </Folder>
        <Folder Name="Packages" Status="0" FileCount="1">
          <FilePath>D:\DevOps\Workspace\BlackBox.Worker\BlackBoxWorker\bin\DotNet7\Packages</FilePath>
          <Files>
            <File Name="blackbox.manifest.xml" Type="xml" Version="" Status="1" IsEnabled="yes" />
          </Files>
        </Folder>
        <Folder Name="Scripts" Status="0" FileCount="87">
          <FilePath>D:\DevOps\Workspace\BlackBox.Worker\BlackBoxWorker\bin\DotNet7\Scripts</FilePath>
          <Files>
            <File Name="BlackBox.DeleteAgedFiles.ps1" Type="ps1" Version="" Status="1" IsEnabled="yes" />
            <File Name="BlackBox.psm1" Type="psm1" Version="" Status="1" IsEnabled="yes" />
            <File Name="Check231.FNMSComponents.cmd" Type="cmd" Version="" Status="1" IsEnabled="yes" />
            <File Name="Check231.FNMSComponents.ps1" Type="ps1" Version="" Status="1" IsEnabled="yes" />
            <File Name="Check232.ComplianceSettings.cmd" Type="cmd" Version="" Status="1" IsEnabled="yes" />
            <File Name="Check232.ComplianceSettings.ps1" Type="ps1" Version="" Status="1" IsEnabled="yes" />
            <File Name="Check232.ComplianceSettings.sql" Type="sql" Version="" Status="1" IsEnabled="yes" />
            <File Name="Check233.BeaconList.cmd" Type="cmd" Version="" Status="1" IsEnabled="yes" />
            <File Name="Check233.BeaconList.ps1" Type="ps1" Version="" Status="1" IsEnabled="yes" />
            <File Name="Check233.BeaconList.sql" Type="sql" Version="" Status="1" IsEnabled="yes" />
            <File Name="Check241.FnmsLicenseCounts.cmd" Type="cmd" Version="" Status="1" IsEnabled="yes" />
            <File Name="Check241.FnmsLicenseCounts.ps1" Type="ps1" Version="" Status="1" IsEnabled="yes" />
            <File Name="Check241.FnmsLicenseCounts.sql" Type="sql" Version="" Status="1" IsEnabled="yes" />
            <File Name="Check250.CustomProperties.cmd" Type="cmd" Version="" Status="1" IsEnabled="yes" />
            <File Name="Check250.CustomProperties.ps1" Type="ps1" Version="" Status="1" IsEnabled="yes" />
            <File Name="Check251.AssetCustomProperties.sql" Type="sql" Version="" Status="1" IsEnabled="yes" />
            <File Name="Check252.PurchasesCustomProperties.sql" Type="sql" Version="" Status="1" IsEnabled="yes" />
            <File Name="Check253.LicenseCustomProperties.sql" Type="sql" Version="" Status="1" IsEnabled="yes" />
            <File Name="Check254.ContractsCustomProperties.sql" Type="sql" Version="" Status="1" IsEnabled="yes" />
            <File Name="Check255.SoftwareTitlesCustomProperties.sql" Type="sql" Version="" Status="1" IsEnabled="yes" />
            <File Name="Check261.ARLVersion.cmd" Type="cmd" Version="" Status="1" IsEnabled="yes" />
            <File Name="Check261.ARLVersion.ps1" Type="ps1" Version="" Status="1" IsEnabled="yes" />
            <File Name="Check261.ARLVersion.sql" Type="sql" Version="" Status="1" IsEnabled="yes" />
            <File Name="Check262.UserLogins.cmd" Type="cmd" Version="" Status="1" IsEnabled="yes" />
            <File Name="Check262.UserLogins.ps1" Type="ps1" Version="" Status="1" IsEnabled="yes" />
            <File Name="Check311.WindowsFeatures.cmd" Type="cmd" Version="" Status="1" IsEnabled="yes" />
            <File Name="Check311.WindowsFeatures.ps1" Type="ps1" Version="" Status="1" IsEnabled="yes" />
            <File Name="Check312.Registry.cmd" Type="cmd" Version="" Status="1" IsEnabled="yes" />
            <File Name="Check312.Registry.ps1" Type="ps1" Version="" Status="1" IsEnabled="yes" />
            <File Name="Check314.InventoryConnections.cmd" Type="cmd" Version="" Status="1" IsEnabled="yes" />
            <File Name="Check314.InventoryConnections.ps1" Type="ps1" Version="" Status="1" IsEnabled="yes" />
            <File Name="Check314.InventoryConnections.sql" Type="sql" Version="" Status="1" IsEnabled="yes" />
            <File Name="Check316.BusinessDataImports.cmd" Type="cmd" Version="" Status="1" IsEnabled="yes" />
            <File Name="Check316.BusinessDataImports.ps1" Type="ps1" Version="" Status="1" IsEnabled="yes" />
            <File Name="Check316.BusinessDataImports.sql" Type="sql" Version="" Status="1" IsEnabled="yes" />
            <File Name="Check317.ScheduledTasks.cmd" Type="cmd" Version="" Status="1" IsEnabled="yes" />
            <File Name="Check317.ScheduledTasks.ps1" Type="ps1" Version="" Status="1" IsEnabled="yes" />
            <File Name="Check318.EventLogErrors.cmd" Type="cmd" Version="" Status="1" IsEnabled="yes" />
            <File Name="Check318.EventLogErrors.ps1" Type="ps1" Version="" Status="1" IsEnabled="yes" />
            <File Name="Check319.ServerHardware.cmd" Type="cmd" Version="" Status="1" IsEnabled="yes" />
            <File Name="Check319.ServerHardware.ps1" Type="ps1" Version="" Status="1" IsEnabled="yes" />
            <File Name="Check321.FileStreams.cmd" Type="cmd" Version="" Status="1" IsEnabled="yes" />
            <File Name="Check321.FileStreams.ps1" Type="ps1" Version="" Status="1" IsEnabled="yes" />
            <File Name="Check321.FileStreams.sql" Type="sql" Version="" Status="1" IsEnabled="yes" />
            <File Name="Check331.LogFileAges.cmd" Type="cmd" Version="" Status="1" IsEnabled="yes" />
            <File Name="Check331.LogFileAges.ps1" Type="ps1" Version="" Status="1" IsEnabled="yes" />
            <File Name="Check331.LoggedErrors.cmd" Type="cmd" Version="" Status="1" IsEnabled="yes" />
            <File Name="Check331.LoggedErrors.ps1" Type="ps1" Version="" Status="1" IsEnabled="yes" />
            <File Name="Check411.DbFileSizes.cmd" Type="cmd" Version="" Status="1" IsEnabled="yes" />
            <File Name="Check411.DbFileSizes.ps1" Type="ps1" Version="" Status="1" IsEnabled="yes" />
            <File Name="Check411.DbFileSizes.sql" Type="sql" Version="" Status="1" IsEnabled="yes" />
            <File Name="Check411.DbTotalSize.sql" Type="sql" Version="" Status="1" IsEnabled="yes" />
            <File Name="Check412.DbBackupSizes.cmd" Type="cmd" Version="" Status="1" IsEnabled="yes" />
            <File Name="Check412.DbBackupSizes.csv" Type="csv" Version="" Status="1" IsEnabled="yes" />
            <File Name="Check412.DbBackupSizes.ps1" Type="ps1" Version="" Status="1" IsEnabled="yes" />
            <File Name="Check412.DbBackupSizes.sql" Type="sql" Version="" Status="1" IsEnabled="yes" />
            <File Name="Check413.Fragmentation.cmd" Type="cmd" Version="" Status="1" IsEnabled="yes" />
            <File Name="Check413.Fragmentation.ps1" Type="ps1" Version="" Status="1" IsEnabled="yes" />
            <File Name="Check413.Fragmentation.sql" Type="sql" Version="" Status="1" IsEnabled="yes" />
            <File Name="Check414.DbTableSizes.cmd" Type="cmd" Version="" Status="1" IsEnabled="yes" />
            <File Name="Check414.DbTableSizes.ps1" Type="ps1" Version="" Status="1" IsEnabled="yes" />
            <File Name="Check414.DbTableSizes.sql" Type="sql" Version="" Status="1" IsEnabled="yes" />
            <File Name="Check511.WindowsFeatures.cmd" Type="cmd" Version="" Status="1" IsEnabled="yes" />
            <File Name="Check511.WindowsFeatures.ps1" Type="ps1" Version="" Status="1" IsEnabled="yes" />
            <File Name="Check512.Registry.cmd" Type="cmd" Version="" Status="1" IsEnabled="yes" />
            <File Name="Check512.Registry.ps1" Type="ps1" Version="" Status="1" IsEnabled="yes" />
            <File Name="Check513.ScheduledTasks.cmd" Type="cmd" Version="" Status="1" IsEnabled="yes" />
            <File Name="Check513.ScheduledTasks.ps1" Type="ps1" Version="" Status="1" IsEnabled="yes" />
            <File Name="Check514.EventLogErrors.cmd" Type="cmd" Version="" Status="1" IsEnabled="yes" />
            <File Name="Check514.EventLogErrors.ps1" Type="ps1" Version="" Status="1" IsEnabled="yes" />
            <File Name="Check515.ServerHardware.cmd" Type="cmd" Version="" Status="1" IsEnabled="yes" />
            <File Name="Check515.ServerHardware.ps1" Type="ps1" Version="" Status="1" IsEnabled="yes" />
            <File Name="Check630.Coverage.cmd" Type="cmd" Version="" Status="1" IsEnabled="yes" />
            <File Name="Check630.Coverage.ps1" Type="ps1" Version="" Status="1" IsEnabled="yes" />
            <File Name="Check631.InventoryAgeProfile.sql" Type="sql" Version="" Status="1" IsEnabled="yes" />
            <File Name="Check632.LastMonthCoverage.sql" Type="sql" Version="" Status="1" IsEnabled="yes" />
            <File Name="Check633.AgentCoverage.sql" Type="sql" Version="" Status="1" IsEnabled="yes" />
            <File Name="CUA-AppServer-Functions.psm1" Type="psm1" Version="" Status="1" IsEnabled="yes" />
            <File Name="CUA-Beacon-Functions.psm1" Type="psm1" Version="" Status="1" IsEnabled="yes" />
            <File Name="CUA-DB-Functions.psm1" Type="psm1" Version="" Status="1" IsEnabled="yes" />
            <File Name="CUA-Other-Functions.psm1" Type="psm1" Version="" Status="1" IsEnabled="yes" />
            <File Name="CUA-System-Functions.psm1" Type="psm1" Version="" Status="1" IsEnabled="yes" />
            <File Name="Fix140.cmd" Type="cmd" Version="" Status="1" IsEnabled="yes" />
            <File Name="Fix140.Fragmentation.sql" Type="sql" Version="" Status="1" IsEnabled="yes" />
            <File Name="Fix601.cmd" Type="cmd" Version="" Status="1" IsEnabled="yes" />
            <File Name="Fix601.ConfigureDataModelCustomizations.sql" Type="sql" Version="" Status="1" IsEnabled="yes" />
            <File Name="Fix601.RemoveDataModelCustomizations.sql" Type="sql" Version="" Status="1" IsEnabled="yes" />
          </Files>
        </Folder>
        <Folder Name="Setup" Status="0" FileCount="1">
          <FilePath>D:\DevOps\Workspace\BlackBox.Worker\BlackBoxWorker\bin\DotNet7\Setup</FilePath>
          <Files>
            <File Name="BlackBox.reg" Type="reg" Version="" Status="1" IsEnabled="yes" />
          </Files>
        </Folder>
        <Folder Name="Tasks" Status="0" FileCount="1">
          <FilePath>D:\DevOps\Workspace\BlackBox.Worker\BlackBoxWorker\bin\DotNet7\Tasks</FilePath>
          <Files>
            <File Name="HealthCheck.job.xml" Type="xml" Version="" Status="1" IsEnabled="yes" />
          </Files>
        </Folder>
      </Folders>
    </FolderGroup>
  </FolderGroups>
  <FolderMappings>
    <FolderMode>local</FolderMode>
    <WorkingFolderName>default</WorkingFolderName>
    <FolderLocations>
      <FolderLocation Name="BlackBoxRootDir" Directory="D:\DevOps\Workspace\BlackBox.Worker\BlackBoxWorker\bin\DotNet7" />
      <FolderLocation Name="BlackBoxTempDir" Directory="D:\DevOps\Workspace\BlackBox.Worker\BlackBoxWorker\bin\DotNet7\Temp" />
      <FolderLocation Name="BlackBoxLogsDir" Directory="D:\DevOps\Workspace\BlackBox.Worker\BlackBoxWorker\bin\DotNet7\Logs" />
      <FolderLocation Name="BlackBoxTasksDir" Directory="D:\DevOps\Workspace\BlackBox.Worker\BlackBoxWorker\bin\DotNet7\Tasks" />
      <FolderLocation Name="BlackBoxScriptsDir" Directory="D:\DevOps\Workspace\BlackBox.Worker\BlackBoxWorker\bin\DotNet7\Scripts" />
      <FolderLocation Name="BlackBoxDataDir" Directory="D:\DevOps\Workspace\BlackBox.Worker\BlackBoxWorker\bin\DotNet7\Data" />
      <FolderLocation Name="BlackBoxTemplatesDir" Directory="D:\DevOps\Workspace\BlackBox.Worker\BlackBoxWorker\bin\DotNet7\Templates" />
      <FolderLocation Name="BlackBoxArchivesDir" Directory="D:\DevOps\Workspace\BlackBox.Worker\BlackBoxWorker\bin\DotNet7\Archives" />
      <FolderLocation Name="BlackBoxPackagesDir" Directory="D:\DevOps\Workspace\BlackBox.Worker\BlackBoxWorker\bin\DotNet7\Packages" />
      <FolderLocation Name="BlackBoxJobsDir" Directory="D:\DevOps\Workspace\BlackBox.Worker\BlackBoxWorker\bin\DotNet7\Jobs" />
      <FolderLocation Name="BlackBoxWorkingDir" Directory="D:\DevOps\Workspace\BlackBox.Worker\BlackBoxWorker\bin\DotNet7\Jobs\default" />
      <FolderLocation Name="BlackBoxExternalDir" Directory="D:\DevOps\Workspace\BlackBox.Worker\BlackBoxWorker\bin\DotNet7" />
    </FolderLocations>
  </FolderMappings>
  <Help><![CDATA[
     BlackBox manifest
     ]]>
  </Help>
</BlackBox>
