<?xml version="1.0" encoding="utf-8"?>
<BlackBox xmlns:xsi="http://www.w3.org/2001/XMLSchema-instance" xmlns:xsd="http://www.w3.org/2001/XMLSchema">
  <Schema>BlackBox</Schema>
  <Class>Manifest</Class>
  <Version>1.00</Version>
  <Instance>
    <Name>blackbox</Name>
    <Status>active</Status>
    <Description>BlackBox file catalog</Description>
  </Instance>
  <Parameters>
    <Parameter name="FolderMode" value="local" />
    <Parameter name="Name" value="default" />
    <Parameter name="JobID" value="0" />
    <Parameter name="FileID" value="0" />
    <Parameter name="TaskFileName" value="default.job.xml" />
    <Parameter name="TasksType" value="xml" />
    <Parameter name="DataFileName" value="" />
    <Parameter name="DataType" value="" />
    <Parameter name="Mode" value="simple" />
    <Parameter name="Action" value="catalog" />
    <Parameter name="Qualifier" value="blackbox" />
    <Parameter name="Repeat" value="False" />
    <Parameter name="UseGUID" value="True" />
    <Parameter name="Guid" value="59d17dbf-1e56-413d-afbf-be2822f3594d" />
    <Parameter name="ItemNum" value="0" />
    <Parameter name="ReportID" value="0" />
    <Parameter name="TableName" value="" />
    <Parameter name="RunAs" value="False" />
    <Parameter name="CredAccount" value="" />
    <Parameter name="CredDomain" value="" />
    <Parameter name="CredUser" value="" />
    <Parameter name="CredPassword" value="" />
    <Parameter name="DatabaseName" value="" />
    <Parameter name="Days" value="7" />
    <Parameter name="Months" value="3" />
    <Parameter name="Zip" value="False" />
    <Parameter name="ZipFileName" value="" />
    <Parameter name="Clean" value="False" />
    <Parameter name="WriteToDatabase" value="False" />
    <Parameter name="WriteToCSV" value="False" />
    <Parameter name="WriteToSchema" value="False" />
    <Parameter name="Debug" value="True" />
    <Parameter name="Verbose" value="False" />
    <Parameter name="Simulate" value="False" />
    <Parameter name="NoWindow" value="False" />
  </Parameters>
  <SetupScript>setup.ps1</SetupScript>
  <FolderGroups>
    <FolderGroup Name="BlackBoxRootDir">
      <Root>D:\DevOps\Workspace\BlackBox.Worker\BlackBoxWorker\bin\DotNet7</Root>
      <Mapping>BlackBoxRootDir</Mapping>
      <Note />
      <Folders>
        <Folder Name="" Status="0">
          <FilePath>D:\DevOps\Workspace\BlackBox.Worker\BlackBoxWorker\bin\DotNet7</FilePath>
          <Files>
            <File Name="BlackBoxWorker.exe" Type="exe" Version="" Status="1" IsEnabled="yes" />
            <File Name="BlackBoxWorker.exe.config" Type="config" Version="" Status="1" IsEnabled="yes" />
            <File Name="BlackBoxWorker.log" Type="log" Version="" Status="1" IsEnabled="yes" />
            <File Name="BlackBoxWorker.pdb" Type="pdb" Version="" Status="1" IsEnabled="yes" />
            <File Name="default.log" Type="log" Version="" Status="1" IsEnabled="yes" />
            <File Name="default.params.xml" Type="xml" Version="" Status="1" IsEnabled="yes" />
            <File Name="readme.txt" Type="txt" Version="" Status="1" IsEnabled="yes" />
            <File Name="System.Security.AccessControl.dll" Type="dll" Version="" Status="1" IsEnabled="yes" />
            <File Name="test.cmd" Type="cmd" Version="" Status="1" IsEnabled="yes" />
          </Files>
        </Folder>
        <Folder Name="Adapters\Beacon" Status="0">
          <FilePath>D:\DevOps\Workspace\BlackBox.Worker\BlackBoxWorker\bin\DotNet7\Adapters\Beacon</FilePath>
          <Files>
            <File Name="Asset.XML" Type="XML" Version="" Status="1" IsEnabled="yes" />
            <File Name="Contract.XML" Type="XML" Version="" Status="1" IsEnabled="yes" />
            <File Name="Currency.XML" Type="XML" Version="" Status="1" IsEnabled="yes" />
            <File Name="License.XML" Type="XML" Version="" Status="1" IsEnabled="yes" />
            <File Name="Purchases.XML" Type="XML" Version="" Status="1" IsEnabled="yes" />
            <File Name="User.XML" Type="XML" Version="" Status="1" IsEnabled="yes" />
            <File Name="Vendor.XML" Type="XML" Version="" Status="1" IsEnabled="yes" />
          </Files>
        </Folder>
        <Folder Name="Adapters\DDI" Status="0">
          <FilePath>D:\DevOps\Workspace\BlackBox.Worker\BlackBoxWorker\bin\DotNet7\Adapters\DDI</FilePath>
          <Files>
            <File Name="Asset.csv" Type="csv" Version="" Status="1" IsEnabled="yes" />
            <File Name="asset.xml" Type="xml" Version="" Status="1" IsEnabled="yes" />
            <File Name="BusinessUnit.csv" Type="csv" Version="" Status="1" IsEnabled="yes" />
            <File Name="businessunit.xml" Type="xml" Version="" Status="1" IsEnabled="yes" />
            <File Name="Category.csv" Type="csv" Version="" Status="1" IsEnabled="yes" />
            <File Name="category.xml" Type="xml" Version="" Status="1" IsEnabled="yes" />
            <File Name="Contract.csv" Type="csv" Version="" Status="1" IsEnabled="yes" />
            <File Name="contract.xml" Type="xml" Version="" Status="1" IsEnabled="yes" />
            <File Name="CostCenter.csv" Type="csv" Version="" Status="1" IsEnabled="yes" />
            <File Name="costcenter.xml" Type="xml" Version="" Status="1" IsEnabled="yes" />
            <File Name="Custom Import.csv" Type="csv" Version="" Status="1" IsEnabled="yes" />
            <File Name="Custom Import.xml" Type="xml" Version="" Status="1" IsEnabled="yes" />
            <File Name="Export132.Purchases.sql.out.xlsx" Type="xlsx" Version="" Status="1" IsEnabled="yes" />
            <File Name="Export151.SoftwareLicenses.sql.out.xlsx" Type="xlsx" Version="" Status="1" IsEnabled="yes" />
            <File Name="License.csv" Type="csv" Version="" Status="1" IsEnabled="yes" />
            <File Name="license.xml" Type="xml" Version="" Status="1" IsEnabled="yes" />
            <File Name="Location.csv" Type="csv" Version="" Status="1" IsEnabled="yes" />
            <File Name="location.xml" Type="xml" Version="" Status="1" IsEnabled="yes" />
            <File Name="PurchaseOrder.csv" Type="csv" Version="" Status="1" IsEnabled="yes" />
            <File Name="purchaseorder.xml" Type="xml" Version="" Status="1" IsEnabled="yes" />
            <File Name="softwarelicense.xml" Type="xml" Version="" Status="1" IsEnabled="yes" />
            <File Name="SoftwareLicenseKey.csv" Type="csv" Version="" Status="1" IsEnabled="yes" />
            <File Name="softwarelicensekey.xml" Type="xml" Version="" Status="1" IsEnabled="yes" />
            <File Name="TermAndCondition.csv" Type="csv" Version="" Status="1" IsEnabled="yes" />
            <File Name="termandcondition.xml" Type="xml" Version="" Status="1" IsEnabled="yes" />
            <File Name="User.csv" Type="csv" Version="" Status="1" IsEnabled="yes" />
            <File Name="user.xml" Type="xml" Version="" Status="1" IsEnabled="yes" />
            <File Name="Vendor.csv" Type="csv" Version="" Status="1" IsEnabled="yes" />
            <File Name="vendor.xml" Type="xml" Version="" Status="1" IsEnabled="yes" />
          </Files>
        </Folder>
        <Folder Name="Data" Status="0">
          <FilePath>D:\DevOps\Workspace\BlackBox.Worker\BlackBoxWorker\bin\DotNet7\Data</FilePath>
          <Files>
            <File Name="AssetFinancials.xlsx" Type="xlsx" Version="" Status="1" IsEnabled="yes" />
            <File Name="AssetLeases.xlsx" Type="xlsx" Version="" Status="1" IsEnabled="yes" />
            <File Name="AssetLifeCycle.xlsx" Type="xlsx" Version="" Status="1" IsEnabled="yes" />
            <File Name="AssetPurchases.xlsx" Type="xlsx" Version="" Status="1" IsEnabled="yes" />
            <File Name="Computers.xlsx" Type="xlsx" Version="" Status="1" IsEnabled="yes" />
            <File Name="FileEvidence.xlsx" Type="xlsx" Version="" Status="1" IsEnabled="yes" />
            <File Name="InstallerEvidence.xlsx" Type="xlsx" Version="" Status="1" IsEnabled="yes" />
            <File Name="Vendors.xlsx" Type="xlsx" Version="" Status="1" IsEnabled="yes" />
            <File Name="VMPools.xlsx" Type="xlsx" Version="" Status="1" IsEnabled="yes" />
            <File Name="WMIEvidence.xlsx" Type="xlsx" Version="" Status="1" IsEnabled="yes" />
          </Files>
        </Folder>
        <Folder Name="Data\Assets" Status="0">
          <FilePath>D:\DevOps\Workspace\BlackBox.Worker\BlackBoxWorker\bin\DotNet7\Data\Assets</FilePath>
          <Files>
            <File Name="AssetInfo.xlsx" Type="xlsx" Version="" Status="1" IsEnabled="yes" />
          </Files>
        </Folder>
        <Folder Name="Data\Contracts" Status="0">
          <FilePath>D:\DevOps\Workspace\BlackBox.Worker\BlackBoxWorker\bin\DotNet7\Data\Contracts</FilePath>
          <Files>
            <File Name="Contracts.xlsx" Type="xlsx" Version="" Status="1" IsEnabled="yes" />
          </Files>
        </Folder>
        <Folder Name="Data\Currency" Status="0">
          <FilePath>D:\DevOps\Workspace\BlackBox.Worker\BlackBoxWorker\bin\DotNet7\Data\Currency</FilePath>
          <Files>
            <File Name="Currency.xlsx" Type="xlsx" Version="" Status="1" IsEnabled="yes" />
          </Files>
        </Folder>
        <Folder Name="Data\Licenses" Status="0">
          <FilePath>D:\DevOps\Workspace\BlackBox.Worker\BlackBoxWorker\bin\DotNet7\Data\Licenses</FilePath>
          <Files>
            <File Name="Licenses.xlsx" Type="xlsx" Version="" Status="1" IsEnabled="yes" />
          </Files>
        </Folder>
        <Folder Name="Data\PurchaseOrders" Status="0">
          <FilePath>D:\DevOps\Workspace\BlackBox.Worker\BlackBoxWorker\bin\DotNet7\Data\PurchaseOrders</FilePath>
          <Files>
            <File Name="PurchaseOrders.xlsx" Type="xlsx" Version="" Status="1" IsEnabled="yes" />
          </Files>
        </Folder>
        <Folder Name="Data\Purchases" Status="0">
          <FilePath>D:\DevOps\Workspace\BlackBox.Worker\BlackBoxWorker\bin\DotNet7\Data\Purchases</FilePath>
          <Files>
            <File Name="Purchases.xlsx" Type="xlsx" Version="" Status="1" IsEnabled="yes" />
          </Files>
        </Folder>
        <Folder Name="Data\Users" Status="0">
          <FilePath>D:\DevOps\Workspace\BlackBox.Worker\BlackBoxWorker\bin\DotNet7\Data\Users</FilePath>
          <Files>
            <File Name="Users.xlsx" Type="xlsx" Version="" Status="1" IsEnabled="yes" />
          </Files>
        </Folder>
        <Folder Name="Data\Vendors" Status="0">
          <FilePath>D:\DevOps\Workspace\BlackBox.Worker\BlackBoxWorker\bin\DotNet7\Data\Vendors</FilePath>
          <Files>
            <File Name="Vendors1.xlsx" Type="xlsx" Version="" Status="1" IsEnabled="yes" />
            <File Name="Vendors2.xlsx" Type="xlsx" Version="" Status="1" IsEnabled="yes" />
          </Files>
        </Folder>
        <Folder Name="Data\WorkDay" Status="0">
          <FilePath>D:\DevOps\Workspace\BlackBox.Worker\BlackBoxWorker\bin\DotNet7\Data\WorkDay</FilePath>
          <Files>
            <File Name="WorkDayUsers.xml" Type="xml" Version="" Status="1" IsEnabled="yes" />
          </Files>
        </Folder>
        <Folder Name="Examples" Status="0">
          <FilePath>D:\DevOps\Workspace\BlackBox.Worker\BlackBoxWorker\bin\DotNet7\Examples</FilePath>
          <Files>
            <File Name="cleanup.cmd" Type="cmd" Version="" Status="1" IsEnabled="yes" />
            <File Name="convert.cmd" Type="cmd" Version="" Status="1" IsEnabled="yes" />
            <File Name="help.cmd" Type="cmd" Version="" Status="1" IsEnabled="yes" />
            <File Name="unzip.cmd" Type="cmd" Version="" Status="1" IsEnabled="yes" />
          </Files>
        </Folder>
        <Folder Name="Examples\Adapters" Status="0">
          <FilePath>D:\DevOps\Workspace\BlackBox.Worker\BlackBoxWorker\bin\DotNet7\Examples\Adapters</FilePath>
          <Files>
            <File Name="adapter.cmd" Type="cmd" Version="" Status="1" IsEnabled="yes" />
            <File Name="Adapters.job.xml" Type="xml" Version="" Status="1" IsEnabled="yes" />
          </Files>
        </Folder>
        <Folder Name="Examples\Cleanup" Status="0">
          <FilePath>D:\DevOps\Workspace\BlackBox.Worker\BlackBoxWorker\bin\DotNet7\Examples\Cleanup</FilePath>
          <Files>
            <File Name="BlackBox.CleanupAgedFiles.ps1" Type="ps1" Version="" Status="1" IsEnabled="yes" />
            <File Name="BlackBox.CleanupAgedFiles.ps1.cmd" Type="cmd" Version="" Status="1" IsEnabled="yes" />
            <File Name="cleanup.log" Type="log" Version="" Status="1" IsEnabled="yes" />
            <File Name="cleanup.params.xml" Type="xml" Version="" Status="1" IsEnabled="yes" />
            <File Name="cleanup.task.xml" Type="xml" Version="" Status="1" IsEnabled="yes" />
            <File Name="Cleanup.txt" Type="txt" Version="" Status="1" IsEnabled="yes" />
            <File Name="runcleanup.cmd" Type="cmd" Version="" Status="1" IsEnabled="yes" />
          </Files>
        </Folder>
        <Folder Name="Examples\DataLoad" Status="0">
          <FilePath>D:\DevOps\Workspace\BlackBox.Worker\BlackBoxWorker\bin\DotNet7\Examples\DataLoad</FilePath>
          <Files>
            <File Name="DataLoad.job.xml" Type="xml" Version="" Status="1" IsEnabled="yes" />
            <File Name="rundataload.cmd" Type="cmd" Version="" Status="1" IsEnabled="yes" />
          </Files>
        </Folder>
        <Folder Name="Examples\Exports" Status="0">
          <FilePath>D:\DevOps\Workspace\BlackBox.Worker\BlackBoxWorker\bin\DotNet7\Examples\Exports</FilePath>
          <Files>
            <File Name="Exports.job.xml" Type="xml" Version="" Status="1" IsEnabled="yes" />
            <File Name="Exports.zip" Type="zip" Version="" Status="1" IsEnabled="yes" />
            <File Name="runexport.cmd" Type="cmd" Version="" Status="1" IsEnabled="yes" />
          </Files>
        </Folder>
        <Folder Name="Examples\HealthCheck" Status="0">
          <FilePath>D:\DevOps\Workspace\BlackBox.Worker\BlackBoxWorker\bin\DotNet7\Examples\HealthCheck</FilePath>
          <Files>
            <File Name="build.cmd" Type="cmd" Version="" Status="1" IsEnabled="yes" />
            <File Name="HealthCheck.job.xml" Type="xml" Version="" Status="1" IsEnabled="yes" />
            <File Name="HealthCheck.SED" Type="SED" Version="" Status="1" IsEnabled="yes" />
            <File Name="HealthCheck.zip" Type="zip" Version="" Status="1" IsEnabled="yes" />
            <File Name="list.cmd" Type="cmd" Version="" Status="1" IsEnabled="yes" />
            <File Name="runhealthcheck.cmd" Type="cmd" Version="" Status="1" IsEnabled="yes" />
          </Files>
        </Folder>
        <Folder Name="Examples\Portal" Status="0">
          <FilePath>D:\DevOps\Workspace\BlackBox.Worker\BlackBoxWorker\bin\DotNet7\Examples\Portal</FilePath>
          <Files>
            <File Name="runportal.cmd" Type="cmd" Version="" Status="1" IsEnabled="yes" />
            <File Name="vendors.job.xml" Type="xml" Version="" Status="1" IsEnabled="yes" />
            <File Name="Vendors.xlsx" Type="xlsx" Version="" Status="1" IsEnabled="yes" />
          </Files>
        </Folder>
        <Folder Name="Examples\Test" Status="0">
          <FilePath>D:\DevOps\Workspace\BlackBox.Worker\BlackBoxWorker\bin\DotNet7\Examples\Test</FilePath>
          <Files>
            <File Name="test.cmd" Type="cmd" Version="" Status="1" IsEnabled="yes" />
            <File Name="Test.job.xml" Type="xml" Version="" Status="1" IsEnabled="yes" />
            <File Name="test.params.xml" Type="xml" Version="" Status="1" IsEnabled="yes" />
          </Files>
        </Folder>
        <Folder Name="Examples\WorkDay" Status="0">
          <FilePath>D:\DevOps\Workspace\BlackBox.Worker\BlackBoxWorker\bin\DotNet7\Examples\WorkDay</FilePath>
          <Files>
            <File Name="ComplianceUsers.csv" Type="csv" Version="" Status="1" IsEnabled="yes" />
            <File Name="GetCustomView-203.wsr" Type="wsr" Version="" Status="1" IsEnabled="yes" />
            <File Name="GetCustomView-203.wsr.out" Type="out" Version="" Status="1" IsEnabled="yes" />
            <File Name="MGSBI.template.xml" Type="xml" Version="" Status="1" IsEnabled="yes" />
            <File Name="runworkday.cmd" Type="cmd" Version="" Status="1" IsEnabled="yes" />
            <File Name="workday.job.xml" Type="xml" Version="" Status="1" IsEnabled="yes" />
            <File Name="workday.log" Type="log" Version="" Status="1" IsEnabled="yes" />
            <File Name="workday.params.xml" Type="xml" Version="" Status="1" IsEnabled="yes" />
            <File Name="workday.WorkDay101.task.xml" Type="xml" Version="" Status="1" IsEnabled="yes" />
            <File Name="workday.WorkDay102.task.xml" Type="xml" Version="" Status="1" IsEnabled="yes" />
            <File Name="workday.Workday103.task.xml" Type="xml" Version="" Status="1" IsEnabled="yes" />
            <File Name="workday.Workday106.task.xml" Type="xml" Version="" Status="1" IsEnabled="yes" />
            <File Name="WorkDay101.params.xml" Type="xml" Version="" Status="1" IsEnabled="yes" />
            <File Name="workday102.params.xml" Type="xml" Version="" Status="1" IsEnabled="yes" />
            <File Name="workday102.ps1" Type="ps1" Version="" Status="1" IsEnabled="yes" />
            <File Name="workday102.ps1.cmd" Type="cmd" Version="" Status="1" IsEnabled="yes" />
            <File Name="Workday103.params.xml" Type="xml" Version="" Status="1" IsEnabled="yes" />
            <File Name="Workday104.params.xml" Type="xml" Version="" Status="1" IsEnabled="yes" />
            <File Name="Workday104.Query.sql.cmd" Type="cmd" Version="" Status="1" IsEnabled="yes" />
            <File Name="Workday104.Query.txt" Type="txt" Version="" Status="1" IsEnabled="yes" />
            <File Name="Workday106.params.xml" Type="xml" Version="" Status="1" IsEnabled="yes" />
            <File Name="WorkDayUsers.xml" Type="xml" Version="" Status="1" IsEnabled="yes" />
          </Files>
        </Folder>
        <Folder Name="Inventory" Status="0">
          <FilePath>D:\DevOps\Workspace\BlackBox.Worker\BlackBoxWorker\bin\DotNet7\Inventory</FilePath>
          <Files>
            <File Name="AccessEvidence.csv" Type="csv" Version="" Status="1" IsEnabled="yes" />
            <File Name="AccessEvidence.xlsx" Type="xlsx" Version="" Status="1" IsEnabled="yes" />
            <File Name="Cluster.csv" Type="csv" Version="" Status="1" IsEnabled="yes" />
            <File Name="Cluster.xlsx" Type="xlsx" Version="" Status="1" IsEnabled="yes" />
            <File Name="ClusterGroup.csv" Type="csv" Version="" Status="1" IsEnabled="yes" />
            <File Name="ClusterGroup.xlsx" Type="xlsx" Version="" Status="1" IsEnabled="yes" />
            <File Name="ClusterHostAffinityRule.csv" Type="csv" Version="" Status="1" IsEnabled="yes" />
            <File Name="ClusterHostAffinityRule.xlsx" Type="xlsx" Version="" Status="1" IsEnabled="yes" />
            <File Name="Computer.csv" Type="csv" Version="" Status="1" IsEnabled="yes" />
            <File Name="Computer.xlsx" Type="xlsx" Version="" Status="1" IsEnabled="yes" />
            <File Name="FileEvidence.csv" Type="csv" Version="" Status="1" IsEnabled="yes" />
            <File Name="FileEvidence.xlsx" Type="xlsx" Version="" Status="1" IsEnabled="yes" />
            <File Name="InstallerEvidence.csv" Type="csv" Version="" Status="1" IsEnabled="yes" />
            <File Name="InstallerEvidence.xlsx" Type="xlsx" Version="" Status="1" IsEnabled="yes" />
            <File Name="OracleDatabaseUser.csv" Type="csv" Version="" Status="1" IsEnabled="yes" />
            <File Name="OracleDatabaseUser.xlsx" Type="xlsx" Version="" Status="1" IsEnabled="yes" />
            <File Name="RemoteAccessFile.csv" Type="csv" Version="" Status="1" IsEnabled="yes" />
            <File Name="RemoteAccessFile.xlsx" Type="xlsx" Version="" Status="1" IsEnabled="yes" />
            <File Name="RemoteAccessInstaller.csv" Type="csv" Version="" Status="1" IsEnabled="yes" />
            <File Name="RemoteAccessInstaller.xlsx" Type="xlsx" Version="" Status="1" IsEnabled="yes" />
            <File Name="VMPool.csv" Type="csv" Version="" Status="1" IsEnabled="yes" />
            <File Name="VMPool.xlsx" Type="xlsx" Version="" Status="1" IsEnabled="yes" />
            <File Name="WMIEvidence.csv" Type="csv" Version="" Status="1" IsEnabled="yes" />
            <File Name="WMIEvidence.xlsx" Type="xlsx" Version="" Status="1" IsEnabled="yes" />
          </Files>
        </Folder>
        <Folder Name="Jobs\04ddd710-df57-45a0-80ee-a7251f3bedba" Status="0">
          <FilePath>D:\DevOps\Workspace\BlackBox.Worker\BlackBoxWorker\bin\DotNet7\Jobs\04ddd710-df57-45a0-80ee-a7251f3bedba</FilePath>
          <Files>
            <File Name="blackbox.manifest.xml" Type="xml" Version="" Status="1" IsEnabled="yes" />
            <File Name="blackbox.package.zip" Type="zip" Version="" Status="1" IsEnabled="yes" />
            <File Name="default.log" Type="log" Version="" Status="1" IsEnabled="yes" />
            <File Name="default.params.xml" Type="xml" Version="" Status="1" IsEnabled="yes" />
          </Files>
        </Folder>
        <Folder Name="Jobs\46d00ed9-2621-4c6e-bdac-17bb2cfe1bfe" Status="0">
          <FilePath>D:\DevOps\Workspace\BlackBox.Worker\BlackBoxWorker\bin\DotNet7\Jobs\46d00ed9-2621-4c6e-bdac-17bb2cfe1bfe</FilePath>
          <Files>
            <File Name="blackbox.manifest.xml" Type="xml" Version="" Status="1" IsEnabled="yes" />
            <File Name="default.log" Type="log" Version="" Status="1" IsEnabled="yes" />
            <File Name="default.params.xml" Type="xml" Version="" Status="1" IsEnabled="yes" />
          </Files>
        </Folder>
        <Folder Name="Jobs\484dcacd-3084-474e-9ca1-85329cb297ba" Status="0">
          <FilePath>D:\DevOps\Workspace\BlackBox.Worker\BlackBoxWorker\bin\DotNet7\Jobs\484dcacd-3084-474e-9ca1-85329cb297ba</FilePath>
          <Files>
            <File Name="blackbox.manifest.xml" Type="xml" Version="" Status="1" IsEnabled="yes" />
            <File Name="default.log" Type="log" Version="" Status="1" IsEnabled="yes" />
            <File Name="default.params.xml" Type="xml" Version="" Status="1" IsEnabled="yes" />
          </Files>
        </Folder>
        <Folder Name="Jobs\59d17dbf-1e56-413d-afbf-be2822f3594d" Status="0">
          <FilePath>D:\DevOps\Workspace\BlackBox.Worker\BlackBoxWorker\bin\DotNet7\Jobs\59d17dbf-1e56-413d-afbf-be2822f3594d</FilePath>
          <Files>
            <File Name="default.log" Type="log" Version="" Status="1" IsEnabled="yes" />
            <File Name="default.params.xml" Type="xml" Version="" Status="1" IsEnabled="yes" />
          </Files>
        </Folder>
        <Folder Name="Jobs\6e0226ed-65e1-4377-8b3d-a40856a6929b" Status="0">
          <FilePath>D:\DevOps\Workspace\BlackBox.Worker\BlackBoxWorker\bin\DotNet7\Jobs\6e0226ed-65e1-4377-8b3d-a40856a6929b</FilePath>
          <Files>
            <File Name="default.log" Type="log" Version="" Status="1" IsEnabled="yes" />
            <File Name="default.params.xml" Type="xml" Version="" Status="1" IsEnabled="yes" />
          </Files>
        </Folder>
        <Folder Name="Jobs\c158c655-1995-41df-8ea5-a93ccd1d3b6c" Status="0">
          <FilePath>D:\DevOps\Workspace\BlackBox.Worker\BlackBoxWorker\bin\DotNet7\Jobs\c158c655-1995-41df-8ea5-a93ccd1d3b6c</FilePath>
          <Files>
            <File Name="default.log" Type="log" Version="" Status="1" IsEnabled="yes" />
            <File Name="default.params.xml" Type="xml" Version="" Status="1" IsEnabled="yes" />
          </Files>
        </Folder>
        <Folder Name="Jobs\ca8e44d2-6f78-4698-8c96-e167a1134ae7" Status="0">
          <FilePath>D:\DevOps\Workspace\BlackBox.Worker\BlackBoxWorker\bin\DotNet7\Jobs\ca8e44d2-6f78-4698-8c96-e167a1134ae7</FilePath>
          <Files>
            <File Name="BlackBox.DeleteAgedFiles.ps1.cmd" Type="cmd" Version="" Status="1" IsEnabled="yes" />
            <File Name="ComplianceUsers.csv" Type="csv" Version="" Status="1" IsEnabled="yes" />
            <File Name="GetCustomView-203.wsr" Type="wsr" Version="" Status="1" IsEnabled="yes" />
            <File Name="GetCustomView-203.wsr.out" Type="out" Version="" Status="1" IsEnabled="yes" />
            <File Name="workday.job.xml" Type="xml" Version="" Status="1" IsEnabled="yes" />
            <File Name="workday.log" Type="log" Version="" Status="1" IsEnabled="yes" />
            <File Name="workday.params.xml" Type="xml" Version="" Status="1" IsEnabled="yes" />
            <File Name="workday.Workday101.task.xml" Type="xml" Version="" Status="1" IsEnabled="yes" />
            <File Name="workday.Workday102.task.xml" Type="xml" Version="" Status="1" IsEnabled="yes" />
            <File Name="workday.Workday103.task.xml" Type="xml" Version="" Status="1" IsEnabled="yes" />
            <File Name="workday.Workday104.task.xml" Type="xml" Version="" Status="1" IsEnabled="yes" />
            <File Name="workday.Workday106.task.xml" Type="xml" Version="" Status="1" IsEnabled="yes" />
            <File Name="Workday101.params.xml" Type="xml" Version="" Status="1" IsEnabled="yes" />
            <File Name="Workday102.params.xml" Type="xml" Version="" Status="1" IsEnabled="yes" />
            <File Name="Workday102.ps1.cmd" Type="cmd" Version="" Status="1" IsEnabled="yes" />
            <File Name="Workday102.txt" Type="txt" Version="" Status="1" IsEnabled="yes" />
            <File Name="Workday103.params.xml" Type="xml" Version="" Status="1" IsEnabled="yes" />
            <File Name="Workday104.params.xml" Type="xml" Version="" Status="1" IsEnabled="yes" />
            <File Name="Workday104.Query.sql.cmd" Type="cmd" Version="" Status="1" IsEnabled="yes" />
            <File Name="Workday104.Query.txt" Type="txt" Version="" Status="1" IsEnabled="yes" />
            <File Name="Workday106.params.xml" Type="xml" Version="" Status="1" IsEnabled="yes" />
            <File Name="Workday106.txt" Type="txt" Version="" Status="1" IsEnabled="yes" />
            <File Name="WorkDayUsers.xml" Type="xml" Version="" Status="1" IsEnabled="yes" />
          </Files>
        </Folder>
        <Folder Name="Jobs\cbf6262a-e86c-4498-8555-ed3c777ebb45" Status="0">
          <FilePath>D:\DevOps\Workspace\BlackBox.Worker\BlackBoxWorker\bin\DotNet7\Jobs\cbf6262a-e86c-4498-8555-ed3c777ebb45</FilePath>
          <Files>
            <File Name="blackbox.manifest.xml" Type="xml" Version="" Status="1" IsEnabled="yes" />
            <File Name="blackbox.package.zip" Type="zip" Version="" Status="1" IsEnabled="yes" />
            <File Name="default.log" Type="log" Version="" Status="1" IsEnabled="yes" />
            <File Name="default.params.xml" Type="xml" Version="" Status="1" IsEnabled="yes" />
          </Files>
        </Folder>
        <Folder Name="Jobs\cfcf5d71-b6ed-44a1-80f8-9b82a660ed12" Status="0">
          <FilePath>D:\DevOps\Workspace\BlackBox.Worker\BlackBoxWorker\bin\DotNet7\Jobs\cfcf5d71-b6ed-44a1-80f8-9b82a660ed12</FilePath>
          <Files>
            <File Name="default.log" Type="log" Version="" Status="1" IsEnabled="yes" />
            <File Name="default.params.xml" Type="xml" Version="" Status="1" IsEnabled="yes" />
          </Files>
        </Folder>
        <Folder Name="Logs" Status="0">
          <FilePath>D:\DevOps\Workspace\BlackBox.Worker\BlackBoxWorker\bin\DotNet7\Logs</FilePath>
          <Files>
            <File Name="BlackBoxWorker.log" Type="log" Version="" Status="1" IsEnabled="yes" />
          </Files>
        </Folder>
        <Folder Name="Packages" Status="0">
          <FilePath>D:\DevOps\Workspace\BlackBox.Worker\BlackBoxWorker\bin\DotNet7\Packages</FilePath>
          <Files>
            <File Name="blackbox.manifest.xml" Type="xml" Version="" Status="1" IsEnabled="yes" />
            <File Name="blackbox.package.zip" Type="zip" Version="" Status="1" IsEnabled="yes" />
          </Files>
        </Folder>
        <Folder Name="Scripts" Status="0">
          <FilePath>D:\DevOps\Workspace\BlackBox.Worker\BlackBoxWorker\bin\DotNet7\Scripts</FilePath>
          <Files>
            <File Name="BlackBox.DeleteAgedFiles.ps1" Type="ps1" Version="" Status="1" IsEnabled="yes" />
            <File Name="BlackBox.psm1" Type="psm1" Version="" Status="1" IsEnabled="yes" />
            <File Name="Check231.FNMSComponents.cmd" Type="cmd" Version="" Status="1" IsEnabled="yes" />
            <File Name="Check231.FNMSComponents.ps1" Type="ps1" Version="" Status="1" IsEnabled="yes" />
            <File Name="Check232.ComplianceSettings.cmd" Type="cmd" Version="" Status="1" IsEnabled="yes" />
            <File Name="Check232.ComplianceSettings.ps1" Type="ps1" Version="" Status="1" IsEnabled="yes" />
            <File Name="Check232.ComplianceSettings.sql" Type="sql" Version="" Status="1" IsEnabled="yes" />
            <File Name="Check233.BeaconList.cmd" Type="cmd" Version="" Status="1" IsEnabled="yes" />
            <File Name="Check233.BeaconList.ps1" Type="ps1" Version="" Status="1" IsEnabled="yes" />
            <File Name="Check233.BeaconList.sql" Type="sql" Version="" Status="1" IsEnabled="yes" />
            <File Name="Check241.FnmsLicenseCounts.cmd" Type="cmd" Version="" Status="1" IsEnabled="yes" />
            <File Name="Check241.FnmsLicenseCounts.ps1" Type="ps1" Version="" Status="1" IsEnabled="yes" />
            <File Name="Check241.FnmsLicenseCounts.sql" Type="sql" Version="" Status="1" IsEnabled="yes" />
            <File Name="Check250.CustomProperties.cmd" Type="cmd" Version="" Status="1" IsEnabled="yes" />
            <File Name="Check250.CustomProperties.ps1" Type="ps1" Version="" Status="1" IsEnabled="yes" />
            <File Name="Check251.AssetCustomProperties.sql" Type="sql" Version="" Status="1" IsEnabled="yes" />
            <File Name="Check252.PurchasesCustomProperties.sql" Type="sql" Version="" Status="1" IsEnabled="yes" />
            <File Name="Check253.LicenseCustomProperties.sql" Type="sql" Version="" Status="1" IsEnabled="yes" />
            <File Name="Check254.ContractsCustomProperties.sql" Type="sql" Version="" Status="1" IsEnabled="yes" />
            <File Name="Check255.SoftwareTitlesCustomProperties.sql" Type="sql" Version="" Status="1" IsEnabled="yes" />
            <File Name="Check261.ARLVersion.cmd" Type="cmd" Version="" Status="1" IsEnabled="yes" />
            <File Name="Check261.ARLVersion.ps1" Type="ps1" Version="" Status="1" IsEnabled="yes" />
            <File Name="Check261.ARLVersion.sql" Type="sql" Version="" Status="1" IsEnabled="yes" />
            <File Name="Check262.UserLogins.cmd" Type="cmd" Version="" Status="1" IsEnabled="yes" />
            <File Name="Check262.UserLogins.ps1" Type="ps1" Version="" Status="1" IsEnabled="yes" />
            <File Name="Check311.WindowsFeatures.cmd" Type="cmd" Version="" Status="1" IsEnabled="yes" />
            <File Name="Check311.WindowsFeatures.ps1" Type="ps1" Version="" Status="1" IsEnabled="yes" />
            <File Name="Check312.Registry.cmd" Type="cmd" Version="" Status="1" IsEnabled="yes" />
            <File Name="Check312.Registry.ps1" Type="ps1" Version="" Status="1" IsEnabled="yes" />
            <File Name="Check314.InventoryConnections.cmd" Type="cmd" Version="" Status="1" IsEnabled="yes" />
            <File Name="Check314.InventoryConnections.ps1" Type="ps1" Version="" Status="1" IsEnabled="yes" />
            <File Name="Check314.InventoryConnections.sql" Type="sql" Version="" Status="1" IsEnabled="yes" />
            <File Name="Check316.BusinessDataImports.cmd" Type="cmd" Version="" Status="1" IsEnabled="yes" />
            <File Name="Check316.BusinessDataImports.ps1" Type="ps1" Version="" Status="1" IsEnabled="yes" />
            <File Name="Check316.BusinessDataImports.sql" Type="sql" Version="" Status="1" IsEnabled="yes" />
            <File Name="Check317.ScheduledTasks.cmd" Type="cmd" Version="" Status="1" IsEnabled="yes" />
            <File Name="Check317.ScheduledTasks.ps1" Type="ps1" Version="" Status="1" IsEnabled="yes" />
            <File Name="Check318.EventLogErrors.cmd" Type="cmd" Version="" Status="1" IsEnabled="yes" />
            <File Name="Check318.EventLogErrors.ps1" Type="ps1" Version="" Status="1" IsEnabled="yes" />
            <File Name="Check319.ServerHardware.cmd" Type="cmd" Version="" Status="1" IsEnabled="yes" />
            <File Name="Check319.ServerHardware.ps1" Type="ps1" Version="" Status="1" IsEnabled="yes" />
            <File Name="Check321.FileStreams.cmd" Type="cmd" Version="" Status="1" IsEnabled="yes" />
            <File Name="Check321.FileStreams.ps1" Type="ps1" Version="" Status="1" IsEnabled="yes" />
            <File Name="Check321.FileStreams.sql" Type="sql" Version="" Status="1" IsEnabled="yes" />
            <File Name="Check331.LogFileAges.cmd" Type="cmd" Version="" Status="1" IsEnabled="yes" />
            <File Name="Check331.LogFileAges.ps1" Type="ps1" Version="" Status="1" IsEnabled="yes" />
            <File Name="Check331.LoggedErrors.cmd" Type="cmd" Version="" Status="1" IsEnabled="yes" />
            <File Name="Check331.LoggedErrors.ps1" Type="ps1" Version="" Status="1" IsEnabled="yes" />
            <File Name="Check411.DbFileSizes.cmd" Type="cmd" Version="" Status="1" IsEnabled="yes" />
            <File Name="Check411.DbFileSizes.ps1" Type="ps1" Version="" Status="1" IsEnabled="yes" />
            <File Name="Check411.DbFileSizes.sql" Type="sql" Version="" Status="1" IsEnabled="yes" />
            <File Name="Check411.DbTotalSize.sql" Type="sql" Version="" Status="1" IsEnabled="yes" />
            <File Name="Check412.DbBackupSizes.cmd" Type="cmd" Version="" Status="1" IsEnabled="yes" />
            <File Name="Check412.DbBackupSizes.csv" Type="csv" Version="" Status="1" IsEnabled="yes" />
            <File Name="Check412.DbBackupSizes.ps1" Type="ps1" Version="" Status="1" IsEnabled="yes" />
            <File Name="Check412.DbBackupSizes.sql" Type="sql" Version="" Status="1" IsEnabled="yes" />
            <File Name="Check413.Fragmentation.cmd" Type="cmd" Version="" Status="1" IsEnabled="yes" />
            <File Name="Check413.Fragmentation.ps1" Type="ps1" Version="" Status="1" IsEnabled="yes" />
            <File Name="Check413.Fragmentation.sql" Type="sql" Version="" Status="1" IsEnabled="yes" />
            <File Name="Check414.DbTableSizes.cmd" Type="cmd" Version="" Status="1" IsEnabled="yes" />
            <File Name="Check414.DbTableSizes.ps1" Type="ps1" Version="" Status="1" IsEnabled="yes" />
            <File Name="Check414.DbTableSizes.sql" Type="sql" Version="" Status="1" IsEnabled="yes" />
            <File Name="Check511.WindowsFeatures.cmd" Type="cmd" Version="" Status="1" IsEnabled="yes" />
            <File Name="Check511.WindowsFeatures.ps1" Type="ps1" Version="" Status="1" IsEnabled="yes" />
            <File Name="Check512.Registry.cmd" Type="cmd" Version="" Status="1" IsEnabled="yes" />
            <File Name="Check512.Registry.ps1" Type="ps1" Version="" Status="1" IsEnabled="yes" />
            <File Name="Check513.ScheduledTasks.cmd" Type="cmd" Version="" Status="1" IsEnabled="yes" />
            <File Name="Check513.ScheduledTasks.ps1" Type="ps1" Version="" Status="1" IsEnabled="yes" />
            <File Name="Check514.EventLogErrors.cmd" Type="cmd" Version="" Status="1" IsEnabled="yes" />
            <File Name="Check514.EventLogErrors.ps1" Type="ps1" Version="" Status="1" IsEnabled="yes" />
            <File Name="Check515.ServerHardware.cmd" Type="cmd" Version="" Status="1" IsEnabled="yes" />
            <File Name="Check515.ServerHardware.ps1" Type="ps1" Version="" Status="1" IsEnabled="yes" />
            <File Name="Check630.Coverage.cmd" Type="cmd" Version="" Status="1" IsEnabled="yes" />
            <File Name="Check630.Coverage.ps1" Type="ps1" Version="" Status="1" IsEnabled="yes" />
            <File Name="Check631.InventoryAgeProfile.sql" Type="sql" Version="" Status="1" IsEnabled="yes" />
            <File Name="Check632.LastMonthCoverage.sql" Type="sql" Version="" Status="1" IsEnabled="yes" />
            <File Name="Check633.AgentCoverage.sql" Type="sql" Version="" Status="1" IsEnabled="yes" />
            <File Name="CUA-AppServer-Functions.psm1" Type="psm1" Version="" Status="1" IsEnabled="yes" />
            <File Name="CUA-Beacon-Functions.psm1" Type="psm1" Version="" Status="1" IsEnabled="yes" />
            <File Name="CUA-DB-Functions.psm1" Type="psm1" Version="" Status="1" IsEnabled="yes" />
            <File Name="CUA-Other-Functions.psm1" Type="psm1" Version="" Status="1" IsEnabled="yes" />
            <File Name="CUA-System-Functions.psm1" Type="psm1" Version="" Status="1" IsEnabled="yes" />
            <File Name="Export001.cmd" Type="cmd" Version="" Status="1" IsEnabled="yes" />
            <File Name="Export001.Setup.sql" Type="sql" Version="" Status="1" IsEnabled="yes" />
            <File Name="Export101.AssetInfo.sql" Type="sql" Version="" Status="1" IsEnabled="yes" />
            <File Name="Export101.cmd" Type="cmd" Version="" Status="1" IsEnabled="yes" />
            <File Name="Export102.AssetPurchases.sql" Type="sql" Version="" Status="1" IsEnabled="yes" />
            <File Name="Export103.AssetLeases.sql" Type="sql" Version="" Status="1" IsEnabled="yes" />
            <File Name="Export104.AssetLifeCycle.sql" Type="sql" Version="" Status="1" IsEnabled="yes" />
            <File Name="Export105.AssetFinancials.sql" Type="sql" Version="" Status="1" IsEnabled="yes" />
            <File Name="Export111.Vendors.sql" Type="sql" Version="" Status="1" IsEnabled="yes" />
            <File Name="Export121.Users.sql" Type="sql" Version="" Status="1" IsEnabled="yes" />
            <File Name="Export131.PurchaseOrders.sql" Type="sql" Version="" Status="1" IsEnabled="yes" />
            <File Name="Export132.Purchases.sql" Type="sql" Version="" Status="1" IsEnabled="yes" />
            <File Name="Export141.Contracts.sql" Type="sql" Version="" Status="1" IsEnabled="yes" />
            <File Name="Export151.SoftwareLicenses.sql" Type="sql" Version="" Status="1" IsEnabled="yes" />
            <File Name="Export161.CurrencyRates.sql" Type="sql" Version="" Status="1" IsEnabled="yes" />
            <File Name="Export201.Computers.sql" Type="sql" Version="" Status="1" IsEnabled="yes" />
            <File Name="Export202.ComplianceComputers.sql" Type="sql" Version="" Status="1" IsEnabled="yes" />
            <File Name="Export203.ImportedComputers.sql" Type="sql" Version="" Status="1" IsEnabled="yes" />
            <File Name="Export211.WMI.sql" Type="sql" Version="" Status="1" IsEnabled="yes" />
            <File Name="Export212.WMI.sql" Type="sql" Version="" Status="1" IsEnabled="yes" />
            <File Name="Export221.VMPools.sql" Type="sql" Version="" Status="1" IsEnabled="yes" />
            <File Name="Export231.InstallerEvidence.sql" Type="sql" Version="" Status="1" IsEnabled="yes" />
            <File Name="Export241.FileEvidence.sql" Type="sql" Version="" Status="1" IsEnabled="yes" />
            <File Name="Export301.ComputerAllocations.sql" Type="sql" Version="" Status="1" IsEnabled="yes" />
            <File Name="Export302.UserAllocations.sql" Type="sql" Version="" Status="1" IsEnabled="yes" />
            <File Name="Fix140.cmd" Type="cmd" Version="" Status="1" IsEnabled="yes" />
            <File Name="Fix140.Fragmentation.sql" Type="sql" Version="" Status="1" IsEnabled="yes" />
            <File Name="Fix601.cmd" Type="cmd" Version="" Status="1" IsEnabled="yes" />
            <File Name="Fix601.ConfigureDataModelCustomizations.sql" Type="sql" Version="" Status="1" IsEnabled="yes" />
            <File Name="Fix601.RemoveDataModelCustomizations.sql" Type="sql" Version="" Status="1" IsEnabled="yes" />
            <File Name="WorkDay102.ps1" Type="ps1" Version="" Status="1" IsEnabled="yes" />
            <File Name="Workday104.Query.sql" Type="sql" Version="" Status="1" IsEnabled="yes" />
          </Files>
        </Folder>
        <Folder Name="Setup" Status="0">
          <FilePath>D:\DevOps\Workspace\BlackBox.Worker\BlackBoxWorker\bin\DotNet7\Setup</FilePath>
          <Files>
            <File Name="BlackBox.reg" Type="reg" Version="" Status="1" IsEnabled="yes" />
            <File Name="WsGetReport.sql" Type="sql" Version="" Status="1" IsEnabled="yes" />
          </Files>
        </Folder>
        <Folder Name="Tasks" Status="0">
          <FilePath>D:\DevOps\Workspace\BlackBox.Worker\BlackBoxWorker\bin\DotNet7\Tasks</FilePath>
          <Files>
            <File Name="adapter.cmd" Type="cmd" Version="" Status="1" IsEnabled="yes" />
            <File Name="Adapters.job.xml" Type="xml" Version="" Status="1" IsEnabled="yes" />
            <File Name="Cleanup.task.xml" Type="xml" Version="" Status="1" IsEnabled="yes" />
            <File Name="DataLoad.job.xml" Type="xml" Version="" Status="1" IsEnabled="yes" />
            <File Name="Exports.job.xml" Type="xml" Version="" Status="1" IsEnabled="yes" />
            <File Name="HealthCheck.job.xml" Type="xml" Version="" Status="1" IsEnabled="yes" />
            <File Name="test.cmd" Type="cmd" Version="" Status="1" IsEnabled="yes" />
            <File Name="Test.job.xml" Type="xml" Version="" Status="1" IsEnabled="yes" />
            <File Name="vendors.job.xml" Type="xml" Version="" Status="1" IsEnabled="yes" />
            <File Name="workday.job.xml" Type="xml" Version="" Status="1" IsEnabled="yes" />
          </Files>
        </Folder>
      </Folders>
    </FolderGroup>
  </FolderGroups>
  <FolderMappings>
    <FolderMode>local</FolderMode>
    <WorkingFolderName>default</WorkingFolderName>
    <FolderLocations>
      <FolderLocation Name="BlackBoxRootDir" Directory="D:\DevOps\Workspace\BlackBox.Worker\BlackBoxWorker\bin\DotNet7" />
      <FolderLocation Name="BlackBoxTempDir" Directory="D:\DevOps\Workspace\BlackBox.Worker\BlackBoxWorker\bin\DotNet7\Temp" />
      <FolderLocation Name="BlackBoxLogsDir" Directory="D:\DevOps\Workspace\BlackBox.Worker\BlackBoxWorker\bin\DotNet7\Logs" />
      <FolderLocation Name="BlackBoxTasksDir" Directory="D:\DevOps\Workspace\BlackBox.Worker\BlackBoxWorker\bin\DotNet7\Tasks" />
      <FolderLocation Name="BlackBoxScriptsDir" Directory="D:\DevOps\Workspace\BlackBox.Worker\BlackBoxWorker\bin\DotNet7\Scripts" />
      <FolderLocation Name="BlackBoxDataDir" Directory="D:\DevOps\Workspace\BlackBox.Worker\BlackBoxWorker\bin\DotNet7\Data" />
      <FolderLocation Name="BlackBoxTemplatesDir" Directory="D:\DevOps\Workspace\BlackBox.Worker\BlackBoxWorker\bin\DotNet7\Templates" />
      <FolderLocation Name="BlackBoxArchivesDir" Directory="D:\DevOps\Workspace\BlackBox.Worker\BlackBoxWorker\bin\DotNet7\Archives" />
      <FolderLocation Name="BlackBoxPackagesDir" Directory="D:\DevOps\Workspace\BlackBox.Worker\BlackBoxWorker\bin\DotNet7\Packages" />
      <FolderLocation Name="BlackBoxJobsDir" Directory="D:\DevOps\Workspace\BlackBox.Worker\BlackBoxWorker\bin\DotNet7\Jobs" />
      <FolderLocation Name="BlackBoxWorkingDir" Directory="D:\DevOps\Workspace\BlackBox.Worker\BlackBoxWorker\bin\DotNet7\Jobs\default" />
      <FolderLocation Name="BlackBoxExternalDir" Directory="D:\DevOps\Workspace\BlackBox.Worker\BlackBoxWorker\bin\DotNet7" />
    </FolderLocations>
  </FolderMappings>
</BlackBox>