<?xml version="1.0" encoding="utf-8"?>
<BlackBox xmlns:xsi="http://www.w3.org/2001/XMLSchema-instance" xmlns:xsd="http://www.w3.org/2001/XMLSchema">
  <Schema>BlackBox</Schema>
  <Class>Manifest</Class>
  <Version>1.00</Version>
  <Instance>
    <Name>export</Name>
    <Status>active</Status>
    <Description>FNMS Health Check file catalog</Description>
  </Instance>
  <Parameters>
    <Parameter name="FolderMode" value="local" />
    <Parameter name="Name" value="export" />
    <Parameter name="JobID" value="0" />
    <Parameter name="FileID" value="0" />
    <Parameter name="TaskFileName" value="export.job.xml" />
    <Parameter name="TasksType" value="xml" />
    <Parameter name="DataFileName" value="" />
    <Parameter name="DataType" value="" />
    <Parameter name="Mode" value="simple" />
    <Parameter name="Action" value="catalog" />
    <Parameter name="Qualifier" value="export" />
    <Parameter name="Repeat" value="False" />
    <Parameter name="UseGUID" value="True" />
    <Parameter name="Guid" value="00000000-0000-0000-0000-000000000000" />
    <Parameter name="ItemNum" value="0" />
    <Parameter name="ReportID" value="0" />
    <Parameter name="TableName" value="" />
    <Parameter name="RunAs" value="False" />
    <Parameter name="CredAccount" value="" />
    <Parameter name="CredDomain" value="" />
    <Parameter name="CredUser" value="" />
    <Parameter name="CredPassword" value="" />
    <Parameter name="DatabaseName" value="" />
    <Parameter name="Days" value="7" />
    <Parameter name="Months" value="3" />
    <Parameter name="Zip" value="False" />
    <Parameter name="ZipFileName" value="" />
    <Parameter name="Clean" value="False" />
    <Parameter name="WriteToDatabase" value="False" />
    <Parameter name="WriteToCSV" value="False" />
    <Parameter name="WriteToSchema" value="False" />
    <Parameter name="Debug" value="True" />
    <Parameter name="Verbose" value="False" />
    <Parameter name="Simulate" value="False" />
    <Parameter name="NoWindow" value="False" />
  </Parameters>
  <SetupScript>setup.ps1</SetupScript>
  <FolderGroups>
    <FolderGroup Name="BlackBoxRootDir">
      <Root>D:\DevOps\Workspace\BlackBox.Worker\BlackBoxWorker\bin\DotNet7</Root>
      <Mapping>BlackBoxRootDir</Mapping>
      <Note />
      <Folders>
        <Folder Name="" Status="0">
          <FilePath>D:\DevOps\Workspace\BlackBox.Worker\BlackBoxWorker\bin\DotNet7</FilePath>
          <Files>
            <File Name="BlackBoxWorker.exe" Type="exe" Version="" Status="1" IsEnabled="yes" />
            <File Name="BlackBoxWorker.exe.config" Type="config" Version="" Status="1" IsEnabled="yes" />
            <File Name="BlackBoxWorker.log" Type="log" Version="" Status="1" IsEnabled="yes" />
            <File Name="default.log" Type="log" Version="" Status="1" IsEnabled="yes" />
            <File Name="default.params.xml" Type="xml" Version="" Status="1" IsEnabled="yes" />
            <File Name="readme.txt" Type="txt" Version="" Status="1" IsEnabled="yes" />
            <File Name="export.cmd" Type="cmd" Version="" Status="1" IsEnabled="yes" />
          </Files>
        </Folder>
        <Folder Name="Examples\Exports" Status="0">
          <FilePath>D:\DevOps\Workspace\BlackBox.Worker\BlackBoxWorker\bin\DotNet7\Examples\Exports</FilePath>
          <Files>
            <File Name="Exports.job.xml" Type="xml" Version="" Status="1" IsEnabled="yes" />
            <File Name="Exports.zip" Type="zip" Version="" Status="1" IsEnabled="yes" />
            <File Name="runexport.cmd" Type="cmd" Version="" Status="1" IsEnabled="yes" />
          </Files>
        </Folder>
        <Folder Name="Jobs\0f7e18d2-e4ed-4bc9-9da8-97dc5a9733e4" Status="0">
          <FilePath>D:\DevOps\Workspace\BlackBox.Worker\BlackBoxWorker\bin\DotNet7\Jobs\b07813f2-aaa2-4c8c-86fd-4e3d166b3d6e</FilePath>
          <Files>
            <File Name="export.manifest.xml" Type="xml" Version="" Status="1" IsEnabled="yes" />
            <File Name="export.package.zip" Type="zip" Version="" Status="1" IsEnabled="yes" />
            <File Name="default.log" Type="log" Version="" Status="1" IsEnabled="yes" />
            <File Name="default.params.xml" Type="xml" Version="" Status="1" IsEnabled="yes" />
          </Files>
        </Folder>
        <Folder Name="Packages" Status="0">
          <FilePath>D:\DevOps\Workspace\BlackBox.Worker\BlackBoxWorker\bin\DotNet7\Packages</FilePath>
          <Files>
            <File Name="export.manifest.xml" Type="xml" Version="" Status="1" IsEnabled="yes" />
          </Files>
        </Folder>
        <Folder Name="Scripts" Status="0">
          <FilePath>D:\DevOps\Workspace\BlackBox.Worker\BlackBoxWorker\bin\DotNet7\Scripts</FilePath>
          <Files>
            <File Name="BlackBox.DeleteAgedFiles.ps1" Type="ps1" Version="" Status="1" IsEnabled="yes" />
            <File Name="BlackBox.psm1" Type="psm1" Version="" Status="1" IsEnabled="yes" />
            <File Name="CUA-AppServer-Functions.psm1" Type="psm1" Version="" Status="1" IsEnabled="yes" />
            <File Name="CUA-Beacon-Functions.psm1" Type="psm1" Version="" Status="1" IsEnabled="yes" />
            <File Name="CUA-DB-Functions.psm1" Type="psm1" Version="" Status="1" IsEnabled="yes" />
            <File Name="CUA-Other-Functions.psm1" Type="psm1" Version="" Status="1" IsEnabled="yes" />
            <File Name="CUA-System-Functions.psm1" Type="psm1" Version="" Status="1" IsEnabled="yes" />
            <File Name="Export001.cmd" Type="cmd" Version="" Status="1" IsEnabled="yes" />
            <File Name="Export001.Setup.sql" Type="sql" Version="" Status="1" IsEnabled="yes" />
            <File Name="Export101.AssetInfo.sql" Type="sql" Version="" Status="1" IsEnabled="yes" />
            <File Name="Export101.cmd" Type="cmd" Version="" Status="1" IsEnabled="yes" />
            <File Name="Export102.AssetPurchases.sql" Type="sql" Version="" Status="1" IsEnabled="yes" />
            <File Name="Export103.AssetLeases.sql" Type="sql" Version="" Status="1" IsEnabled="yes" />
            <File Name="Export104.AssetLifeCycle.sql" Type="sql" Version="" Status="1" IsEnabled="yes" />
            <File Name="Export105.AssetFinancials.sql" Type="sql" Version="" Status="1" IsEnabled="yes" />
            <File Name="Export111.Vendors.sql" Type="sql" Version="" Status="1" IsEnabled="yes" />
            <File Name="Export121.Users.sql" Type="sql" Version="" Status="1" IsEnabled="yes" />
            <File Name="Export131.PurchaseOrders.sql" Type="sql" Version="" Status="1" IsEnabled="yes" />
            <File Name="Export132.Purchases.sql" Type="sql" Version="" Status="1" IsEnabled="yes" />
            <File Name="Export141.Contracts.sql" Type="sql" Version="" Status="1" IsEnabled="yes" />
            <File Name="Export151.SoftwareLicenses.sql" Type="sql" Version="" Status="1" IsEnabled="yes" />
            <File Name="Export161.CurrencyRates.sql" Type="sql" Version="" Status="1" IsEnabled="yes" />
            <File Name="Export201.Computers.sql" Type="sql" Version="" Status="1" IsEnabled="yes" />
            <File Name="Export202.ComplianceComputers.sql" Type="sql" Version="" Status="1" IsEnabled="yes" />
            <File Name="Export203.ImportedComputers.sql" Type="sql" Version="" Status="1" IsEnabled="yes" />
            <File Name="Export211.WMI.sql" Type="sql" Version="" Status="1" IsEnabled="yes" />
            <File Name="Export212.WMI.sql" Type="sql" Version="" Status="1" IsEnabled="yes" />
            <File Name="Export221.VMPools.sql" Type="sql" Version="" Status="1" IsEnabled="yes" />
            <File Name="Export231.InstallerEvidence.sql" Type="sql" Version="" Status="1" IsEnabled="yes" />
            <File Name="Export241.FileEvidence.sql" Type="sql" Version="" Status="1" IsEnabled="yes" />
            <File Name="Export301.ComputerAllocations.sql" Type="sql" Version="" Status="1" IsEnabled="yes" />
            <File Name="Export302.UserAllocations.sql" Type="sql" Version="" Status="1" IsEnabled="yes" />
          </Files>
        </Folder>
        <Folder Name="Setup" Status="0">
          <FilePath>D:\DevOps\Workspace\BlackBox.Worker\BlackBoxWorker\bin\DotNet7\Setup</FilePath>
          <Files>
            <File Name="BlackBox.reg" Type="reg" Version="" Status="1" IsEnabled="yes" />
          </Files>
        </Folder>
        <Folder Name="Tasks" Status="0">
          <FilePath>D:\DevOps\Workspace\BlackBox.Worker\BlackBoxWorker\bin\DotNet7\Tasks</FilePath>
          <Files>
            <File Name="export.job.xml" Type="xml" Version="" Status="1" IsEnabled="yes" />
          </Files>
        </Folder>
      </Folders>
    </FolderGroup>
  </FolderGroups>
  <FolderMappings>
    <FolderMode>local</FolderMode>
    <WorkingFolderName>default</WorkingFolderName>
    <FolderLocations>
      <FolderLocation Name="BlackBoxRootDir" Directory="D:\DevOps\Workspace\BlackBox.Worker\BlackBoxWorker\bin\DotNet7" />
      <FolderLocation Name="BlackBoxTempDir" Directory="D:\DevOps\Workspace\BlackBox.Worker\BlackBoxWorker\bin\DotNet7\Temp" />
      <FolderLocation Name="BlackBoxLogsDir" Directory="D:\DevOps\Workspace\BlackBox.Worker\BlackBoxWorker\bin\DotNet7\Logs" />
      <FolderLocation Name="BlackBoxTasksDir" Directory="D:\DevOps\Workspace\BlackBox.Worker\BlackBoxWorker\bin\DotNet7\Tasks" />
      <FolderLocation Name="BlackBoxScriptsDir" Directory="D:\DevOps\Workspace\BlackBox.Worker\BlackBoxWorker\bin\DotNet7\Scripts" />
      <FolderLocation Name="BlackBoxDataDir" Directory="D:\DevOps\Workspace\BlackBox.Worker\BlackBoxWorker\bin\DotNet7\Data" />
      <FolderLocation Name="BlackBoxTemplatesDir" Directory="D:\DevOps\Workspace\BlackBox.Worker\BlackBoxWorker\bin\DotNet7\Templates" />
      <FolderLocation Name="BlackBoxArchivesDir" Directory="D:\DevOps\Workspace\BlackBox.Worker\BlackBoxWorker\bin\DotNet7\Archives" />
      <FolderLocation Name="BlackBoxPackagesDir" Directory="D:\DevOps\Workspace\BlackBox.Worker\BlackBoxWorker\bin\DotNet7\Packages" />
      <FolderLocation Name="BlackBoxJobsDir" Directory="D:\DevOps\Workspace\BlackBox.Worker\BlackBoxWorker\bin\DotNet7\Jobs" />
      <FolderLocation Name="BlackBoxWorkingDir" Directory="D:\DevOps\Workspace\BlackBox.Worker\BlackBoxWorker\bin\DotNet7\Jobs\default" />
      <FolderLocation Name="BlackBoxExternalDir" Directory="D:\DevOps\Workspace\BlackBox.Worker\BlackBoxWorker\bin\DotNet7" />
    </FolderLocations>
  </FolderMappings>
</BlackBox>